Workbook

Sheet Start here
B1: Team formation (staff only)
B2: ="Form closes: "&Settings!$B$8&" · Teams: "&Settings!$B$12&" · Sizes: "&Settings!$B$13&" · Responses: "&Settings!$B$11&" of "&Settings!$B$10
B4: Staff form the teams from a private survey. Students do not choose their team and do not see this workbook. It contains personal data, so keep it in a staff only location.
B6: Steps
B7: 1. Settings: check team size, skill threshold, required shared time blocks, the skill, discipline, time block and gender lists, the mentor list and the deadline.
B8: 2. Form questions: create the survey exactly as listed and post its link on your learning platform. The form description tells students how their answers are used.
B9: 3. After the deadline, paste the class list (students only: full name and email) into Roster from row 3. Download the responses (Microsoft Forms: Open results in Excel; Google Forms: Download responses), copy everything and paste it into Responses at A1.
B10: 4. Optional: Overrides. Pin a student to a team (for example after a reasonable adjustment agreed with disability services) or keep two students apart.
B11: 5. Run the allocator: drag this file onto allocate.bat (Windows) or run ./allocate.sh FILE (macOS, Linux). It writes <name>_teams.xlsx and <name>_teams.csv next to the file.
B12: 6. Check the Report sheet of the output, especially warnings and unmatched names. Then create the groups in your learning platform from the CSV and announce the teams with their mentors.
B13: 7. Once the teams are final, delete the Responses data and the output files.
B15: What the allocator does
B16: Hard rules: every student on the roster is placed once; team sizes differ by at most one; pins and keep apart requests are always respected. Students on the roster without a response are placed too, at most one per team where possible.
B17: Priorities, in strict order (a lower priority never overrides a higher one): (1) no team has exactly one woman or exactly one man; (2) every team shares the required free time blocks; (3) the team with the most skill gaps has as few as possible; (4) at most one non responder per team; (5) a strong member for each skill in each team; (6) a mix of disciplines; (7) members close to the skill threshold. The Report lists the result for each priority.
... B39: Stahl, G. K., Maznevski, M. L., Voigt, A., & Jonsen, K. (2010). Unraveling the effects of cultural diversity in teams: A meta-analysis of research on multicultural work groups. Journal of International Business Studies, 41(4), 690 to 709.

Sheet Form questions
A1: Survey to create in Microsoft Forms or Google Forms (students answer privately)
A2: Create a survey with the questions below, in this order. Copy titles exactly: the allocator finds columns by these titles. Grey cells update from Settings.
A4: Form settings
B5: Microsoft Forms: only people in my organisation can respond; tick Record name and One response per person. Google Forms: restrict to your organisation, collect verified email addresses, limit to one response, and set the completion time column title in Settings column Q to Timestamp.
A7: Form description
B8: ="Staff form the project teams for the group project. We use your answers for three things. First, we spread skills and disciplinary backgrounds across teams. Second, every team shares at least "&Settings!$B$7&" free time blocks outside class. Third, we avoid teams in which one person is the only woman or the only man. Your answers are visible to the module staff only. They are not used for marking, and we delete them once the teams are final. The gender question is optional. If anything else should be taken into account, for example a disability or caring responsibilities, contact the teaching team privately. The form closes "&Settings!$B$8&"."
A10: # | B10: Question title (copy exactly) | C10: Forms question type | D10: Options or statements | E10: Required | F10: Note
A11: auto | B11: =Settings!$Q$16&" and "&Settings!$Q$17 | C11: Recorded automatically | D11: No question needed | F11: Microsoft Forms: tick Record name. Google Forms: collect email addresses.
A12: 1 | B12: =Settings!$Q$19 | C12: Choice (one answer) | D12: =_xlfn.TEXTJOIN("; ",TRUE,Settings!$G$16:$G$27) | E12: Yes | F12: Used to mix disciplines within teams.
A13: 2 | B13: =Settings!$Q$20 | C13: Likert | D13: ="Options: 1 no experience; 2; 3 done it in a project; 4; 5 could teach it. Statements: see rows below." | E13: Yes | F13: Self rating. Used only to balance teams, never for marking.
C14: =IF(Settings!$E$16="","","Likert statement") | D14: =IF(Settings!$E$16="","",Settings!$E$16)
C15: =IF(Settings!$E$17="","","Likert statement") | D15: =IF(Settings!$E$17="","",Settings!$E$17)
C16: =IF(Settings!$E$18="","","Likert statement") | D16: =IF(Settings!$E$18="","",Settings!$E$18)
C17: =IF(Settings!$E$19="","","Likert statement") | D17: =IF(Settings!$E$19="","",Settings!$E$19)
C18: =IF(Settings!$E$20="","","Likert statement") | D18: =IF(Settings!$E$20="","",Settings!$E$20)
C19: =IF(Settings!$E$21="","","Likert statement") | D19: =IF(Settings!$E$21="","",Settings!$E$21)
C20: =IF(Settings!$E$22="","","Likert statement") | D20: =IF(Settings!$E$22="","",Settings!$E$22)
C21: =IF(Settings!$E$23="","","Likert statement") | D21: =IF(Settings!$E$23="","",Settings!$E$23)
C22: =IF(Settings!$E$24="","","Likert statement") | D22: =IF(Settings!$E$24="","",Settings!$E$24)
C23: =IF(Settings!$E$25="","","Likert statement") | D23: =IF(Settings!$E$25="","",Settings!$E$25)
C24: =IF(Settings!$E$26="","","Likert statement") | D24: =IF(Settings!$E$26="","",Settings!$E$26)
C25: =IF(Settings!$E$27="","","Likert statement") | D25: =IF(Settings!$E$27="","",Settings!$E$27)
A26: 3 | B26: =Settings!$Q$21 | C26: Choice (multiple answers) | D26: =_xlfn.TEXTJOIN("; ",TRUE,Settings!$I$16:$I$36) | E26: Yes | F26: Edit the blocks in Settings column I. Do not use semicolons or commas in labels.
A27: 4 | B27: =Settings!$Q$22 | C27: Choice (one answer) | D27: =_xlfn.TEXTJOIN("; ",TRUE,Settings!$K$16:$K$23) | E27: No | F27: Used only for the lone member rule in Settings column L.
A28: 5 | B28: =Settings!$Q$23 | C28: Text (long answer) | D28: Full names, separated by semicolons | E28: No | F28: Safeguarding. Always respected. Visible to staff only.

Sheet Settings
A1: Settings
A2: Yellow cells are inputs. The allocator reads them. The Form questions sheet follows the question titles, statements and options entered here.
A3: Maximum team size | B3: 5 | C3: Oakley et al. (2004) recommend 3 to 5. Above 5, free riding becomes easier.
A4: Minimum team size | B4: 4 | C4: The Report warns if the cohort forces smaller teams.
A5: Number of teams (blank = automatic) | C5: Automatic: fewest teams at the maximum size. Sizes always differ by at most one.
A6: Strong skill threshold (1 to 5) | B6: 4 | C6: A team covers a skill if one member rates themselves at or above this value.
A7: Shared free time blocks required per team | B7: 2 | C7: Blocks from column I in which every member of the team is free.
A8: Form closes | B8: Set the date and time | C8: Shown in the form description and on the Start here sheet.
A10: Students on roster (auto) | B10: =COUNTIF(Roster!$B$3:$B$502,"?*") | C10: Emails in the Roster sheet.
A11: Responses pasted (auto) | B11: =COUNTIF(Responses!$A$2:$A$2001,"?*")-COUNTIF(Responses!$A$2:$A$2001,"Example*") | C11: Rows in the Responses sheet, without the example row.
A12: Teams (auto) | B12: =IF(Settings!$B$5<>"",Settings!$B$5,IF(Settings!$B$10=0,"",ROUNDUP(Settings!$B$10/Settings!$B$3,0))) | C12: Uses the roster size. The allocator recomputes this from the data it reads.
A13: Team sizes (auto) | B13: =IF(OR(Settings!$B$12="",Settings!$B$10=0),"",MOD(Settings!$B$10,Settings!$B$12)&" of "&(INT(Settings!$B$10/Settings!$B$12)+1)&", "&(Settings!$B$12-MOD(Settings!$B$10,Settings!$B$12))&" of "&INT(Settings!$B$10/Settings!$B$12)) | C13: Number of teams of each size, for example 11 of 5, 1 of 4.
A15: Team names | B15: Mentor (blank = rotate mentor list) | D15: Skill: short label | E15: Skill: statement in the form | G15: Discipline options | I15: Free time blocks | K15: Gender options | L15: Avoid a lone member? (Yes/No) | N15: Mentor list | P15: Column | Q15: Header text the allocator looks for (= form question title)
A16: Team 01 | D16: Research | E16: User research (interviews, surveys) | G16: Psychology / cognitive science | I16: Monday morning | K16: Woman | L16: Yes | N16: Mentor 1 | P16: name | Q16: Name
A17: Team 02 | D17: UI design | E17: Visual / UI design (Figma) | G17: Computer science / engineering | I17: Monday evening | K17: Man | L17: Yes | N17: Mentor 2 | P17: email | Q17: Email
A18: Team 03 | D18: Sketching | E18: Sketching and storyboarding | G18: Design / architecture / arts | I18: Tuesday morning | K18: Non-binary, or I describe my gender another way | L18: No | N18: Mentor 3 | P18: completed | Q18: Completion time
A19: Team 04 | D19: Prototyping | E19: Prototyping (paper and digital) | G19: Business / management | I19: Tuesday evening | K19: Prefer not to say | L19: No | N19: Mentor 4 | P19: discipline | Q19: Which discipline is your previous degree in?
A20: Team 05 | D20: Programming | E20: Programming (web, Unity, Python) | G20: Social sciences / humanities | I20: Wednesday morning | N20: Mentor 5 | P20: skills | Q20: Rate your experience in each area
A21: Team 06 | D21: Physical computing | E21: Physical computing (Arduino) | G21: Natural sciences / medicine | I21: Wednesday afternoon | P21: availability | Q21: When are you usually free for team meetings outside class?
A22: Team 07 | D22: Evaluation | E22: Evaluation and data analysis | G22: Other | I22: Wednesday evening | P22: gender | Q22: Gender (optional)
A23: Team 08 | D23: Video | E23: Video production and editing | I23: Thursday morning | P23: apart | Q23: Is there anyone you should not be placed with? (optional, confidential)
A24: Team 09 | D24: Writing | E24: Academic writing and presenting | I24: Thursday evening
A25: Team 10 | I25: Friday morning
A26: Team 11 | I26: Friday evening
A27: Team 12 | I27: Saturday
A28: Team 13 | I28: Sunday
A29: Team 14
A30: Team 15
A31: Team 16
A32: Team 17
A33: Team 18
A34: Team 19
A35: Team 20
A36: Team 21
A37: Team 22
A38: Team 23
A39: Team 24
A40: Team 25
... A55: Team 40

Sheet Roster
A1: Full name | B1: Email | C1: Paste the class list from your learning platform (students only: full name and email) from row 3. Email and name link each student to their survey response.
A2: Example: Alex Taylor | B2: alex.taylor@example.edu
A3: Ada Example | B3: ada.example@example.edu
A4: Ben Example | B4: ben.example@example.edu
A5: Chloe Example | B5: chloe.example@example.edu
A6: Dev Example | B6: dev.example@example.edu
A7: Emil Example | B7: emil.example@example.edu
A8: Fatima Example | B8: fatima.example@example.edu
A9: Gus Example | B9: gus.example@example.edu
A10: Hana Example | B10: hana.example@example.edu
A11: Ivo Example | B11: ivo.example@example.edu
A12: Jun Example | B12: jun.example@example.edu
A13: Kemi Example | B13: kemi.example@example.edu
... A61: Cyra Sample | B61: cyra.sample@example.edu

Sheet Responses
A1: Id | B1: Start time | C1: Completion time | D1: Email | E1: Name | F1: Last modified time | G1: Which discipline is your previous degree in? | H1: Rate your experience in each area.User research (interviews, surveys) | I1: Rate your experience in each area.Visual / UI design (Figma) | J1: Rate your experience in each area.Sketching and storyboarding | K1: Rate your experience in each area.Prototyping (paper and digital) | L1: Rate your experience in each area.Programming (web, Unity, Python) | M1: Rate your experience in each area.Physical computing (Arduino) | N1: Rate your experience in each area.Evaluation and data analysis | O1: Rate your experience in each area.Video production and editing | P1: Rate your experience in each area.Academic writing and presenting | Q1: When are you usually free for team meetings outside class? | R1: Gender (optional) | S1: Is there anyone you should not be placed with? (optional, confidential)
A2: 1 | B2: 10/09/26 14:03:00 | C2: 10/09/26 14:07:00 | D2: ada.example@example.edu | E2: Ada Example | G2: Business / management | H2: 5 could teach it | I2: 1 no experience | J2: 2 | K2: 3 done it in a project | L2: 2 | M2: 1 no experience | N2: 2 | O2: 2 | P2: 3 done it in a project | Q2: Monday morning;Wednesday afternoon;Thursday morning;Friday morning;Friday evening;Sunday; | R2: Man
A3: 2 | B3: 10/09/26 14:10:00 | C3: 10/09/26 14:14:00 | D3: ben.example@example.edu | E3: Ben Example | G3: Computer science / engineering | H3: 1 no experience | I3: 2 | J3: 3 done it in a project | K3: 4 | L3: 4 | M3: 4 | N3: 2 | O3: 3 done it in a project | P3: 3 done it in a project | Q3: Monday morning;Monday evening;Tuesday morning;Wednesday morning;Wednesday afternoon;Thursday morning;Thursday evening;Friday morning;Friday evening;Saturday;Sunday; | R3: Woman
A4: 3 | B4: 10/09/26 14:17:00 | C4: 10/09/26 14:21:00 | D4: chloe.example@example.edu | E4: Chloe Example | G4: Psychology / cognitive science | H4: 5 could teach it | I4: 2 | J4: 1 no experience | K4: 1 no experience | L4: 1 no experience | M4: 1 no experience | N4: 4 | O4: 2 | P4: 3 done it in a project | Q4: Monday morning;Tuesday morning;Tuesday evening;Wednesday afternoon;Friday morning;Friday evening;Saturday; | R4: Man
A5: 4 | B5: 10/09/26 14:24:00 | C5: 10/09/26 14:28:00 | D5: dev.example@example.edu | E5: Dev Example | G5: Computer science / engineering | H5: 2 | I5: 2 | J5: 2 | K5: 4 | L5: 3 done it in a project | M5: 3 done it in a project | N5: 2 | O5: 2 | P5: 3 done it in a project | Q5: Monday morning;Monday evening;Wednesday morning;Wednesday afternoon;Thursday morning;Thursday evening;Friday evening;Saturday;Sunday; | R5: Woman | S5: Gus Exmple
A6: 5 | B6: 10/09/26 14:31:00 | C6: 10/09/26 14:35:00 | D6: emil.example@example.edu | E6: Emil Example | G6: Computer science / engineering | H6: 2 | I6: 3 done it in a project | J6: 1 no experience | K6: 3 done it in a project | L6: 4 | M6: 4 | N6: 2 | O6: 2 | P6: 2 | Q6: Monday morning;Monday evening;Tuesday morning;Tuesday evening;Wednesday morning;Wednesday afternoon;Wednesday evening;Thursday morning;Friday evening; | R6: Man
A7: 6 | B7: 10/09/26 14:38:00 | C7: 10/09/26 14:42:00 | D7: fatima.example@example.edu | E7: Fatima Example | G7: Business / management | H7: 3 done it in a project | I7: 2 | J7: 3 done it in a project | K7: 1 no experience | L7: 2 | M7: 1 no experience | N7: 3 done it in a project | O7: 3 done it in a project | P7: 5 could teach it | Q7: Tuesday evening;Wednesday evening;Thursday evening;Saturday;Sunday; | R7: Woman
A8: 7 | B8: 10/09/26 14:45:00 | C8: 10/09/26 14:49:00 | D8: gus.example@example.edu | E8: Gus Example | G8: Computer science / engineering | H8: 3 done it in a project | I8: 1 no experience | J8: 2 | K8: 5 could teach it | L8: 4 | M8: 4 | N8: 2 | O8: 1 no experience | P8: 2 | Q8: Monday evening;Tuesday evening;Thursday morning;Thursday evening;Friday morning;Friday evening;Saturday; | R8: Woman
A9: 8 | B9: 10/09/26 14:52:00 | C9: 10/09/26 14:56:00 | D9: hana.example@example.edu | E9: Hana Example | G9: Computer science / engineering | H9: 3 done it in a project | I9: 3 done it in a project | J9: 2 | K9: 4 | L9: 3 done it in a project | M9: 4 | N9: 1 no experience | O9: 2 | P9: 2 | Q9: Monday evening;Tuesday evening;Wednesday morning;Wednesday evening;Thursday morning;Thursday evening;Friday evening;Saturday;Sunday; | R9: Woman | S9: Someone Unknown
A10: 9 | B10: 10/09/26 14:59:00 | C10: 10/09/26 15:03:00 | D10: ivo.example@example.edu | E10: Ivo Example | G10: Business / management | H10: 3 done it in a project | I10: 2 | J10: 3 done it in a project | K10: 2 | L10: 3 done it in a project | M10: 1 no experience | N10: 3 done it in a project | O10: 1 no experience | P10: 4 | Q10: Monday morning;Monday evening;Tuesday evening;Wednesday morning;Wednesday afternoon;Wednesday evening;Thursday morning;Thursday evening; | R10: Woman
A11: 10 | B11: 10/09/26 15:06:00 | C11: 10/09/26 15:10:00 | D11: jun.example@example.edu | E11: Jun Example | G11: Psychology / cognitive science | H11: 5 could teach it | I11: 1 no experience | J11: 1 no experience | K11: 2 | L11: 2 | M11: 2 | N11: 4 | O11: 2 | P11: 4 | Q11: Monday morning;Tuesday morning;Tuesday evening;Wednesday morning;Thursday morning;Thursday evening;Friday evening;Saturday;Sunday; | R11: Woman
A12: 11 | B12: 10/09/26 15:13:00 | C12: 10/09/26 15:17:00 | D12: kemi.example@example.edu | E12: Kemi Example | G12: Design / architecture / arts | H12: 1 no experience | I12: 5 could teach it | J12: 5 could teach it | K12: 2 | L12: 1 no experience | M12: 2 | N12: 3 done it in a project | O12: 4 | P12: 3 done it in a project | Q12: Sunday; | R12: Man
A13: 12 | B13: 10/09/26 15:20:00 | C13: 10/09/26 15:24:00 | D13: lior.example@example.edu | E13: Lior Example | G13: Psychology / cognitive science | H13: 4 | I13: 2 | J13: 3 done it in a project | K13: 3 done it in a project | L13: 2 | M13: 2 | N13: 5 could teach it | O13: 2 | P13: 5 could teach it | Q13: Tuesday morning;Tuesday evening;Wednesday afternoon;Thursday morning;Thursday evening;Friday morning;Friday evening;Sunday; | R13: Woman
A14: 13 | B14: 10/09/26 15:27:00 | C14: 10/09/26 15:31:00 | D14: maya.example@example.edu | E14: Maya Example | G14: Design / architecture / arts | H14: 2 | I14: 5 could teach it | J14: 4 | K14: 2 | L14: 2 | M14: 2 | N14: 3 done it in a project | O14: 4 | P14: 1 no experience | Q14: Monday morning;Monday evening;Tuesday morning;Wednesday morning;Wednesday afternoon;Wednesday evening;Thursday evening;Friday evening;Saturday; | R14: Woman
A15: 14 | B15: 10/09/26 15:34:00 | C15: 10/09/26 15:38:00 | D15: nico.example@example.edu | E15: Nico Example | G15: Other | H15: 1 no experience | I15: 3 done it in a project | J15: 2 | K15: 1 no experience | L15: 1 no experience | M15: 2 | N15: 2 | O15: 4 | P15: 2 | Q15: Monday morning;Monday evening;Tuesday morning;Tuesday evening;Wednesday evening;Thursday morning;Thursday evening;Friday morning;Friday evening;Saturday;Sunday; | R15: Man
A16: 15 | B16: 10/09/26 15:41:00 | C16: 10/09/26 15:45:00 | D16: omar.example@example.edu | E16: Omar Example | G16: Computer science / engineering | H16: 3 done it in a project | I16: 2 | J16: 2 | K16: 5 could teach it | L16: 4 | M16: 5 could teach it | N16: 2 | O16: 2 | P16: 2 | Q16: Monday evening;Tuesday morning;Tuesday evening;Wednesday morning;Wednesday afternoon;Friday morning;Friday evening; | R16: Woman
A17: 16 | B17: 10/09/26 15:48:00 | C17: 10/09/26 15:52:00 | D17: priya.example@example.edu | E17: Priya Example | G17: Design / architecture / arts | H17: 2 | I17: 5 could teach it | J17: 3 done it in a project | K17: 3 done it in a project | L17: 1 no experience | M17: 3 done it in a project | N17: 2 | O17: 4 | P17: 3 done it in a project | Q17: Monday morning;Monday evening;Wednesday evening;Thursday morning;Thursday evening;Friday morning;Saturday;Sunday; | R17: Woman
A18: 17 | B18: 10/09/26 15:55:00 | C18: 10/09/26 15:59:00 | D18: quinn.example@example.edu | E18: Quinn Example | G18: Computer science / engineering | H18: 2 | I18: 1 no experience | J18: 2 | K18: 4 | L18: 3 done it in a project | M18: 4 | N18: 3 done it in a project | O18: 2 | P18: 2 | Q18: Monday evening;Tuesday evening;Wednesday evening;Thursday evening;Saturday;Sunday; | R18: Woman
A19: 18 | B19: 10/09/26 16:02:00 | C19: 10/09/26 16:06:00 | D19: rosa.example@example.edu | E19: Rosa Example | G19: Design / architecture / arts | H19: 1 no experience | I19: 3 done it in a project | J19: 5 could teach it | K19: 2 | L19: 2 | M19: 2 | N19: 2 | O19: 3 done it in a project | P19: 3 done it in a project | Q19: Monday morning;Monday evening;Tuesday morning;Tuesday evening;Wednesday morning;Wednesday afternoon;Wednesday evening;Thursday morning;Thursday evening;Friday evening;Saturday; | R19: Woman
A20: 19 | B20: 10/09/26 16:09:00 | C20: 10/09/26 16:13:00 | D20: sami.example@example.edu | E20: Sami Example | G20: Psychology / cognitive science | H20: 4 | I20: 2 | J20: 1 no experience | K20: 2 | L20: 2 | M20: 1 no experience | N20: 3 done it in a project | O20: 2 | P20: 5 could teach it | Q20: Monday morning;Monday evening;Tuesday morning;Tuesday evening;Wednesday afternoon;Thursday morning;Saturday;Sunday; | R20: Woman
A21: 20 | B21: 10/09/26 16:16:00 | C21: 10/09/26 16:20:00 | D21: tara.example@example.edu | E21: Tara Example | G21: Social sciences / humanities | H21: 5 could teach it | I21: 2 | J21: 2 | K21: 2 | L21: 2 | M21: 2 | N21: 4 | O21: 3 done it in a project | P21: 5 could teach it | Q21: Monday evening;Tuesday morning;Wednesday morning;Wednesday evening;Thursday morning;Thursday evening;Friday morning;Saturday; | R21: Woman
... A57: 56 | B57: 10/10/26 08:56:00 | C57: 10/10/26 09:00:00 | D57: kemi.example@example.edu | E57: Kemi Example | G57: Design / architecture / arts | H57: 1 no experience | I57: 5 could teach it | J57: 5 could teach it | K57: 2 | L57: 1 no experience | M57: 2 | N57: 3 done it in a project | O57: 4 | P57: 3 done it in a project | Q57: Monday morning;Monday evening;Tuesday morning;Tuesday evening;Wednesday afternoon;Thursday morning;Thursday evening;Friday evening;Saturday;Sunday; | R57: Man
A58: 57 | B58: 10/09/26 20:35:00 | C58: 10/09/26 20:39:00 | D58: wren.withdrawn@example.edu | E58: Wren Withdrawn | G58: Other | H58: 3 done it in a project | I58: 3 done it in a project | J58: 3 done it in a project | K58: 3 done it in a project | L58: 3 done it in a project | M58: 3 done it in a project | N58: 3 done it in a project | O58: 3 done it in a project | P58: 3 done it in a project | Q58: Monday morning;Monday evening;Tuesday morning;Tuesday evening;Wednesday morning;Wednesday afternoon;Wednesday evening;Thursday morning;Thursday evening;Friday morning;Friday evening;Saturday;Sunday;

Sheet Overrides
A1: Student (name or email) | B1: Pin to team (team name) | C1: Keep apart from (names or emails; separate with ;) | D1: Reason (staff note)
A2: Example: Alex Taylor | B2: Team 03 | C2: Sam Patel | D2: Reasonable adjustment (agreed with disability services)
A3: Hana Example | B3: Team 03 | D3: Reasonable adjustment (fictional)
A4: Ivo Example | C4: Jun Example | D4: Staff request (fictional)
